item1,item2,value1,value2,value3,value4,value5,value6
108年 10月,連江縣,797,170,47,294,286,1.966
108年 10月,金門縣,2349,586,44,1267,452,0.541
108年 10月,嘉義市,11888,4378,153,6823,534,1.432
108年 10月,新竹市,15689,5970,373,8464,883,1.129
108年 10月,基隆市,17053,7627,293,8504,629,1.49
108年 10月,澎湖縣,3917,1665,34,1820,397,1.201
108年 10月,花蓮縣,11594,4906,32,6126,530,1.145
108年 10月,臺東縣,7526,2916,48,4218,344,1.118
108年 10月,屏東縣,28175,10842,393,15877,1063,1.108
108年 10月,嘉義縣,16457,6189,148,9184,935,1.054
108年 10月,雲林縣,23741,8492,189,13939,1122,1.123
108年 10月,南投縣,16168,7346,83,8062,677,1.054
108年 10月,彰化縣,46909,20386,432,24713,1379,1.189
108年 10月,苗栗縣,19276,7737,471,9753,1316,1.139
108年 10月,新竹縣,19370,7414,162,11116,677,1.11
108年 10月,宜蘭縣,15648,6195,438,8108,907,1.111
108年 10月,高雄市,107230,46883,1018,57356,1972,1.247
108年 10月,臺南市,78875,26254,1957,45681,4984,1.352
108年 10月,臺中市,99763,49905,840,45271,3748,1.144
108年 10月,桃園市,106203,39837,11,63406,2949,1.527
108年 10月,臺北市,68124,21821,777,40584,4943,0.83
108年 10月,新北市,120270,50304,3989,55774,10203,0.967
108年 9月,連江縣,831,150,47,348,286,2.12
108年 9月,金門縣,2360,539,53,1281,487,0.563
108年 9月,嘉義市,13050,5476,273,6820,480,1.623
108年 9月,新竹市,15618,5905,349,8501,864,1.162
108年 9月,基隆市,16164,6855,226,8502,582,1.459
108年 9月,澎湖縣,4131,1924,28,1893,285,1.312
108年 9月,花蓮縣,11047,4484,30,6076,457,1.127
108年 9月,臺東縣,7366,2847,45,4142,331,1.13
108年 9月,屏東縣,32215,14409,399,16357,1049,1.309
108年 9月,嘉義縣,16648,6339,146,9215,948,1.101
108年 9月,雲林縣,22363,8661,164,12393,1145,1.092
108年 9月,南投縣,15681,7553,93,7377,658,1.056
108年 9月,彰化縣,48961,21498,586,25569,1307,1.282
108年 9月,苗栗縣,20928,7377,456,11845,1250,1.277
108年 9月,新竹縣,18315,6924,171,10543,677,1.086
108年 9月,宜蘭縣,14859,5626,427,7951,855,1.09
108年 9月,高雄市,107932,46407,1177,58230,2120,1.297
108年 9月,臺南市,77653,33202,1988,37443,5019,1.376
108年 9月,臺中市,102047,54152,969,43597,3329,1.21
108年 9月,桃園市,99479,35020,109,61463,2887,1.479
108年 9月,臺北市,66576,21455,695,40042,4385,0.838
108年 9月,新北市,117780,48963,3905,55736,9176,0.979
108年 8月,連江縣,840,154,47,355,284,2.074
108年 8月,金門縣,2527,627,54,1356,490,0.585
108年 8月,嘉義市,13354,6089,222,6634,409,1.606
108年 8月,新竹市,15907,6119,426,8498,863,1.146
108年 8月,基隆市,16910,7529,250,8635,496,1.477
108年 8月,澎湖縣,3766,1555,35,1879,297,1.16
108年 8月,花蓮縣,12229,5153,37,6510,528,1.207
108年 8月,臺東縣,8003,3313,73,4300,317,1.187
108年 8月,屏東縣,36750,16568,563,18572,1048,1.444
108年 8月,嘉義縣,17034,6426,163,9503,943,1.09
108年 8月,雲林縣,19991,8451,160,10167,1213,0.945
108年 8月,南投縣,17296,7790,100,8726,680,1.127
108年 8月,彰化縣,54170,24378,767,27842,1184,1.372
108年 8月,苗栗縣,18837,8380,409,8632,1417,1.112
108年 8月,新竹縣,19423,7957,178,10600,688,1.116
108年 8月,宜蘭縣,16128,6257,391,8568,913,1.144
108年 8月,高雄市,114351,51924,1182,59959,1286,1.33
108年 8月,臺南市,80098,35409,1891,37801,4997,1.373
108年 8月,臺中市,106928,57743,987,44565,3633,1.227
108年 8月,桃園市,103803,39545,225,61181,2851,1.495
108年 8月,臺北市,68713,21676,723,41056,5259,0.836
108年 8月,新北市,235736,50841,4057,170375,10463,1.897
108年 7月,連江縣,855,181,46,346,282,2.11
108年 7月,金門縣,2665,653,46,1452,514,0.617
108年 7月,嘉義市,12967,5663,221,6593,489,1.559
108年 7月,新竹市,16293,6527,421,8492,853,1.175
108年 7月,基隆市,17180,7587,350,8760,483,1.5
108年 7月,澎湖縣,3968,1640,35,1897,397,1.223
108年 7月,花蓮縣,11968,5132,41,6253,542,1.181
108年 7月,臺東縣,8395,3337,52,4673,333,1.244
108年 7月,屏東縣,34769,17252,947,15569,1001,1.365
108年 7月,嘉義縣,16923,6572,165,9250,935,1.082
108年 7月,雲林縣,18422,7665,180,9346,1231,0.87
108年 7月,南投縣,15928,7886,118,7260,664,1.038
108年 7月,彰化縣,50252,23329,652,25053,1218,1.272
108年 7月,苗栗縣,19811,8329,461,9670,1351,1.169
108年 7月,新竹縣,19556,7933,164,10753,706,1.126
108年 7月,宜蘭縣,16192,6325,445,8503,918,1.149
108年 7月,高雄市,116213,51973,1188,61691,1361,1.352
108年 7月,臺南市,75490,30287,2387,37766,5050,1.294
108年 7月,臺中市,111562,57906,1046,49382,3227,1.28
108年 7月,桃園市,102892,40072,121,59871,2827,1.484
108年 7月,臺北市,68730,21618,1177,40641,5294,0.835
108年 7月,新北市,121679,51657,4687,54527,10807,0.98
108年 6月,連江縣,841,181,46,333,282,2.142
108年 6月,金門縣,2585,646,43,1411,486,0.618
108年 6月,嘉義市,12493,5501,194,6459,338,1.551
108年 6月,新竹市,15610,5981,340,8422,867,1.163
108年 6月,基隆市,17201,7538,278,8834,550,1.552
108年 6月,澎湖縣,3739,1414,36,1912,376,1.19
108年 6月,花蓮縣,11415,4898,25,6017,475,1.163
108年 6月,臺東縣,7324,2761,67,4218,278,1.121
108年 6月,屏東縣,34300,16994,396,15957,952,1.391
108年 6月,嘉義縣,16299,6245,144,8997,913,1.076
108年 6月,雲林縣,17993,7875,198,8782,1138,0.878
108年 6月,南投縣,17608,7631,107,9260,610,1.185
108年 6月,彰化縣,48803,22809,592,24117,1286,1.276
108年 6月,苗栗縣,18372,8031,348,8645,1348,1.12
108年 6月,新竹縣,18972,7458,121,10706,688,1.13
108年 6月,宜蘭縣,15804,6135,395,8362,911,1.159
108年 6月,高雄市,111723,48744,984,59650,2345,1.343
108年 6月,臺南市,78894,34760,2129,37008,4996,1.397
108年 6月,臺中市,93295,47204,1003,41984,3105,1.107
108年 6月,桃園市,98160,37041,157,58051,2911,1.465
108年 6月,臺北市,67457,21198,922,40095,5242,0.846
108年 6月,新北市,104109,41685,3661,48523,10241,0.867
108年 5月,連江縣,848,200,46,321,281,2.093
108年 5月,金門縣,2635,651,46,1415,523,0.61
108年 5月,嘉義市,12804,5767,230,6481,326,1.538
108年 5月,新竹市,16067,6510,326,8357,874,1.16
108年 5月,基隆市,17120,7411,243,8865,601,1.494
108年 5月,澎湖縣,3490,1261,41,1814,374,1.075
108年 5月,花蓮縣,11799,4987,31,6245,536,1.163
108年 5月,臺東縣,7431,2939,38,4121,332,1.099
108年 5月,屏東縣,28881,12370,377,15132,1003,1.133
108年 5月,嘉義縣,16452,6400,122,8988,943,1.05
108年 5月,雲林縣,19045,8909,164,8751,1221,0.899
108年 5月,南投縣,16537,7975,109,7838,614,1.076
108年 5月,彰化縣,53460,23590,598,27919,1353,1.352
108年 5月,苗栗縣,18060,8519,365,7766,1411,1.065
108年 5月,新竹縣,19989,7687,134,11479,689,1.154
108年 5月,宜蘭縣,15801,5955,422,8401,1023,1.121
108年 5月,高雄市,115175,53662,994,59531,988,1.34
108年 5月,臺南市,76343,32681,2138,36473,5051,1.308
108年 5月,臺中市,103946,55054,1010,44604,3277,1.194
108年 5月,桃園市,98777,37593,191,58080,2914,1.428
108年 5月,臺北市,69555,20516,907,42398,5734,0.844
108年 5月,新北市,104212,42184,3964,47401,10664,0.84
108年 4月,連江縣,803,168,47,309,279,2.05
108年 4月,金門縣,2624,648,48,1428,500,0.627
108年 4月,嘉義市,12622,5770,128,6388,337,1.567
108年 4月,新竹市,15571,6096,290,8345,840,1.162
108年 4月,基隆市,17258,7558,281,8814,605,1.556
108年 4月,澎湖縣,3285,973,39,1876,398,1.047
108年 4月,花蓮縣,11627,4790,41,6150,645,1.184
108年 4月,臺東縣,7627,2865,36,4271,455,1.165
108年 4月,屏東縣,33470,17041,526,14901,1002,1.356
108年 4月,嘉義縣,16106,6275,137,8805,889,1.062
108年 4月,雲林縣,19326,9150,170,8816,1190,0.942
108年 4月,南投縣,15903,7686,99,7485,632,1.069
108年 4月,彰化縣,49753,21364,508,26655,1225,1.3
108年 4月,苗栗縣,18939,8120,279,9216,1324,1.153
108年 4月,新竹縣,18200,7533,108,9866,693,1.087
108年 4月,宜蘭縣,14776,5537,405,7885,950,1.083
108年 4月,高雄市,110406,49990,1033,58663,720,1.327
108年 4月,臺南市,71784,28563,2100,36057,5064,1.271
108年 4月,臺中市,96541,50321,890,41976,3354,1.146
108年 4月,桃園市,98145,38433,237,56608,2866,1.467
108年 4月,臺北市,66903,19824,955,40488,5636,0.838
108年 4月,新北市,109872,44390,3985,50626,10872,0.916
108年 3月,連江縣,653,170,37,296,151,1.614
108年 3月,金門縣,2606,622,65,1452,466,0.603
108年 3月,嘉義市,12196,5537,171,6315,172,1.465
108年 3月,新竹市,15326,5921,283,8302,820,1.108
108年 3月,基隆市,17058,7210,213,8895,740,1.488
108年 3月,澎湖縣,3628,1333,42,1874,379,1.119
108年 3月,花蓮縣,11813,4680,34,6493,605,1.163
108年 3月,臺東縣,7667,2742,39,4205,680,1.132
108年 3月,屏東縣,32466,16568,596,14301,1000,1.272
108年 3月,嘉義縣,15960,6167,138,8751,904,1.017
108年 3月,雲林縣,18486,8686,171,8509,1120,0.871
108年 3月,南投縣,15912,7880,66,7350,616,1.034
108年 3月,彰化縣,49124,22675,560,24686,1203,1.241
108年 3月,苗栗縣,16773,7835,225,7439,1275,0.988
108年 3月,新竹縣,18239,7532,124,9883,699,1.055
108年 3月,宜蘭縣,14971,5549,368,8147,907,1.062
108年 3月,高雄市,112362,47406,1053,58991,4912,1.307
108年 3月,臺南市,77218,33984,1750,35862,5621,1.323
108年 3月,臺中市,96864,51439,925,41180,3319,1.113
108年 3月,桃園市,96298,37466,388,55621,2823,1.395
108年 3月,臺北市,62824,18186,835,38416,5387,0.761
108年 3月,新北市,105645,45615,3839,45406,10785,0.852
108年 2月,連江縣,614,140,36,290,149,1.678
108年 2月,金門縣,2575,680,43,1383,469,0.659
108年 2月,嘉義市,11882,5594,74,6103,111,1.58
108年 2月,新竹市,14929,5760,278,8146,745,1.195
108年 2月,基隆市,17481,7454,232,8888,907,1.688
108年 2月,澎湖縣,3676,1371,36,1886,383,1.256
108年 2月,花蓮縣,12197,4982,64,6619,533,1.329
108年 2月,臺東縣,8041,3075,43,4244,680,1.314
108年 2月,屏東縣,25799,10764,1003,13049,982,1.118
108年 2月,嘉義縣,16056,6121,118,8930,886,1.132
108年 2月,雲林縣,19897,9548,198,8914,1237,1.037
108年 2月,南投縣,16593,8376,86,7446,686,1.194
108年 2月,彰化縣,51230,23458,629,26049,1094,1.433
108年 2月,苗栗縣,17473,8136,243,7865,1229,1.138
108年 2月,新竹縣,18642,7352,115,10560,615,1.194
108年 2月,宜蘭縣,15274,5941,292,8140,901,1.199
108年 2月,高雄市,116966,50313,1214,60501,4937,1.506
108年 2月,臺南市,75760,31922,1707,35649,6482,1.436
108年 2月,臺中市,92536,49091,660,39793,2993,1.177
108年 2月,桃園市,93152,36766,17,53566,2803,1.495
108年 2月,臺北市,61046,18190,780,37238,4839,0.818
108年 2月,新北市,104305,46906,3904,43670,9824,0.932
108年 1月,連江縣,647,178,35,292,142,1.598
108年 1月,金門縣,2651,688,141,1358,465,0.614
108年 1月,嘉義市,12275,6078,111,5891,195,1.474
108年 1月,新竹市,16682,6829,472,8505,876,1.207
108年 1月,基隆市,18393,8083,453,8933,924,1.603
108年 1月,澎湖縣,3798,1449,50,1888,411,1.173
108年 1月,花蓮縣,13001,5384,113,6949,556,1.279
108年 1月,臺東縣,8188,3138,303,4054,694,1.207
108年 1月,屏東縣,29930,13690,1146,14051,1043,1.17
108年 1月,嘉義縣,16569,6534,168,8842,1025,1.055
108年 1月,雲林縣,20615,9215,440,9478,1482,0.97
108年 1月,南投縣,17813,8652,572,7925,664,1.157
108年 1月,彰化縣,56959,26406,864,28488,1201,1.438
108年 1月,苗栗縣,18519,9018,627,7635,1240,1.089
108年 1月,新竹縣,19714,8400,269,10443,602,1.141
108年 1月,宜蘭縣,18924,7276,747,9830,1070,1.341
108年 1月,高雄市,112127,46362,1262,59306,5197,1.304
108年 1月,臺南市,77053,34287,2648,33879,6239,1.319
108年 1月,臺中市,90839,42669,501,44413,3257,1.045
108年 1月,桃園市,101879,42981,20,56066,2812,1.479
108年 1月,臺北市,63699,18628,1373,38016,5683,0.77
108年 1月,新北市,114690,49741,5369,48526,11055,0.926
107年 12月,連江縣,622,157,35,291,139,1.537
107年 12月,金門縣,2735,671,54,1536,473,0.634
107年 12月,嘉義市,12392,5384,97,6063,847,1.488
107年 12月,新竹市,15936,5960,326,8350,1300,1.154
107年 12月,基隆市,16892,7115,261,8581,934,1.472
107年 12月,澎湖縣,3449,1293,45,1797,314,1.065
107年 12月,花蓮縣,10712,4730,28,5553,401,1.053
107年 12月,臺東縣,7687,2842,23,4077,744,1.132
107年 12月,屏東縣,33315,15818,897,15430,1170,1.301
107年 12月,嘉義縣,16123,6213,80,8625,1206,1.025
107年 12月,雲林縣,20165,8263,256,10208,1437,0.948
107年 12月,南投縣,18090,7658,132,9669,632,1.174
107年 12月,彰化縣,90799,23281,844,65340,1335,2.292
107年 12月,苗栗縣,16679,8187,291,6977,1224,0.98
107年 12月,新竹縣,18990,7646,109,10635,601,1.1
107年 12月,宜蘭縣,16702,6133,371,9124,1074,1.183
107年 12月,高雄市,115766,47063,896,61035,6772,1.347
107年 12月,臺南市,73364,30223,1549,34656,6936,1.256
107年 12月,臺中市,136661,55662,475,77053,3470,1.573
107年 12月,桃園市,102251,47191,39,51757,3264,1.486
107年 12月,臺北市,63822,22417,806,34995,5605,0.771
107年 12月,新北市,215382,49925,4108,150673,10677,1.739
107年 11月,連江縣,637,162,35,297,143,1.627
107年 11月,金門縣,2565,635,41,1421,467,0.616
107年 11月,嘉義市,13639,5106,143,7554,836,1.692
107年 11月,新竹市,15758,5826,285,8352,1294,1.181
107年 11月,基隆市,16577,6977,257,8360,982,1.492
107年 11月,澎湖縣,3687,1617,37,1801,232,1.177
107年 11月,花蓮縣,10471,4581,20,5458,411,1.063
107年 11月,臺東縣,8263,2733,17,4820,692,1.256
107年 11月,屏東縣,32982,14959,1284,15575,1164,1.33
107年 11月,嘉義縣,15741,6119,90,8404,1127,1.034
107年 11月,雲林縣,18539,7876,286,8988,1389,0.9
107年 11月,南投縣,15029,7273,153,6992,612,1.007
107年 11月,彰化縣,44989,21792,565,21205,1426,1.173
107年 11月,苗栗縣,17702,7563,368,8553,1218,1.074
107年 11月,新竹縣,17886,6977,129,10164,615,1.071
107年 11月,宜蘭縣,16256,6002,401,8760,1093,1.19
107年 11月,高雄市,118837,47874,897,63264,6802,1.429
107年 11月,臺南市,73941,30658,1583,34758,6942,1.308
107年 11月,臺中市,99135,53576,456,41694,3410,1.18
107年 11月,桃園市,89818,33541,101,53050,3126,1.351
107年 11月,臺北市,61200,18559,815,36246,5580,0.764
107年 11月,新北市,116727,49891,4207,52218,10411,0.974
107年 10月,連江縣,636,159,35,299,143,1.57
107年 10月,金門縣,2487,640,45,1339,462,0.578
107年 10月,嘉義市,14101,4968,118,8056,958,1.693
107年 10月,新竹市,16792,6794,354,8313,1331,1.218
107年 10月,基隆市,16432,7002,273,8170,987,1.431
107年 10月,澎湖縣,3451,1365,44,1806,236,1.066
107年 10月,花蓮縣,10849,4603,23,5815,407,1.066
107年 10月,臺東縣,7649,2700,20,4244,685,1.125
107年 10月,屏東縣,34507,16425,1077,16007,998,1.346
107年 10月,嘉義縣,16286,6148,97,8704,1337,1.034
107年 10月,雲林縣,25085,7668,318,15758,1341,1.177
107年 10月,南投縣,15124,7456,155,6882,632,0.98
107年 10月,彰化縣,43819,22913,403,19052,1451,1.106
107年 10月,苗栗縣,24301,7882,277,14925,1218,1.425
107年 10月,新竹縣,18329,7304,98,10310,618,1.063
107年 10月,宜蘭縣,15785,5929,426,8324,1106,1.118
107年 10月,高雄市,110509,45693,1013,56864,6938,1.286
107年 10月,臺南市,76307,30955,2547,35789,7016,1.307
107年 10月,臺中市,101840,55071,495,42866,3408,1.174
107年 10月,桃園市,93388,36330,21,53948,3089,1.36
107年 10月,臺北市,59603,17098,1137,35909,5459,0.72
107年 10月,新北市,134910,54305,4315,65245,11045,1.09
107年 9月,連江縣,657,160,36,302,159,1.677
107年 9月,金門縣,2316,554,39,1235,488,0.558
107年 9月,嘉義市,11839,5132,150,5691,867,1.468
107年 9月,新竹市,15629,5626,358,8310,1334,1.173
107年 9月,基隆市,16216,6853,232,8156,975,1.459
107年 9月,澎湖縣,3729,1416,36,1939,338,1.193
107年 9月,花蓮縣,9798,4737,27,4631,403,0.994
107年 9月,臺東縣,7938,2781,20,4504,633,1.206
107年 9月,屏東縣,35079,16725,1348,16057,949,1.413
107年 9月,嘉義縣,16309,5826,109,8914,1460,1.07
107年 9月,雲林縣,18525,7873,350,8948,1354,0.898
107年 9月,南投縣,15072,7614,96,6765,597,1.008
107年 9月,彰化縣,42707,22266,418,18770,1254,1.114
107年 9月,苗栗縣,19316,7113,315,10723,1165,1.17
107年 9月,新竹縣,17667,6934,98,10006,629,1.06
107年 9月,宜蘭縣,15470,5881,396,8092,1101,1.132
107年 9月,高雄市,106836,44011,1005,55146,6673,1.284
107年 9月,臺南市,81399,35190,2284,37118,6808,1.44
107年 9月,臺中市,100513,54852,477,41738,3447,1.198
107年 9月,桃園市,92868,37116,461,52308,2982,1.399
107年 9月,臺北市,55472,16608,1032,32589,5243,0.692
107年 9月,新北市,100891,46600,4136,41630,8525,0.843
107年 8月,連江縣,650,163,35,305,147,1.605
107年 8月,金門縣,2524,646,41,1320,517,0.59
107年 8月,嘉義市,12135,5467,247,5588,832,1.456
107年 8月,新竹市,15727,5964,269,8265,1230,1.143
107年 8月,基隆市,16353,7145,225,8025,958,1.424
107年 8月,澎湖縣,3781,1474,40,1925,342,1.173
107年 8月,花蓮縣,11435,4806,28,6175,426,1.122
107年 8月,臺東縣,7523,2788,20,4023,692,1.105
107年 8月,屏東縣,35274,17455,921,15929,969,1.375
107年 8月,嘉義縣,16271,5506,132,9166,1467,1.032
107年 8月,雲林縣,19895,7970,250,10352,1322,0.932
107年 8月,南投縣,16491,8595,114,7094,689,1.067
107年 8月,彰化縣,45937,24712,581,19100,1543,1.159
107年 8月,苗栗縣,17600,7660,251,8465,1225,1.031
107年 8月,新竹縣,18688,7757,103,10195,634,1.086
107年 8月,宜蘭縣,16136,6362,419,8356,998,1.142
107年 8月,高雄市,113837,49536,1166,56532,6603,1.324
107年 8月,臺南市,80567,32821,2968,38232,6546,1.379
107年 8月,臺中市,107428,60587,534,42311,3996,1.239
107年 8月,桃園市,94638,41979,129,49682,2848,1.382
107年 8月,臺北市,56977,16778,999,33510,5690,0.688
107年 8月,新北市,160625,40644,4474,107661,7845,1.299
107年 7月,連江縣,655,170,35,303,147,1.619
107年 7月,金門縣,2518,633,49,1300,535,0.589
107年 7月,嘉義市,12187,5700,149,5459,879,1.462
107年 7月,新竹市,15817,6079,318,8247,1174,1.151
107年 7月,基隆市,16422,7296,294,7859,973,1.429
107年 7月,澎湖縣,3730,1411,35,1909,375,1.157
107年 7月,花蓮縣,11337,4823,25,6033,456,1.112
107年 7月,臺東縣,7580,2881,36,3959,704,1.113
107年 7月,屏東縣,33510,18053,608,13892,958,1.305
107年 7月,嘉義縣,16057,5697,85,8816,1459,1.018
107年 7月,雲林縣,17563,8188,250,7695,1430,0.823
107年 7月,南投縣,15623,8464,121,6397,641,1.01
107年 7月,彰化縣,45252,24506,530,18820,1396,1.141
107年 7月,苗栗縣,18589,7696,322,9299,1272,1.088
107年 7月,新竹縣,18599,7541,111,10316,631,1.081
107年 7月,宜蘭縣,17463,7107,412,8875,1069,1.235
107年 7月,高雄市,109475,46894,969,55032,6579,1.273
107年 7月,臺南市,82042,35785,2607,37168,6483,1.404
107年 7月,臺中市,106904,59947,544,42628,3784,1.234
107年 7月,桃園市,89016,39770,272,46268,2706,1.301
107年 7月,臺北市,63061,16100,1040,39752,6169,0.76
107年 7月,新北市,141863,44364,4803,81580,11117,1.147
107年 6月,連江縣,645,161,35,301,148,1.652
107年 6月,金門縣,2482,623,46,1299,514,0.6
107年 6月,嘉義市,12254,5997,185,5252,821,1.518
107年 6月,新竹市,16138,6252,267,8330,1290,1.214
107年 6月,基隆市,16921,7618,251,8060,991,1.521
107年 6月,澎湖縣,3728,1464,36,1826,402,1.194
107年 6月,花蓮縣,10772,4582,18,5737,436,1.092
107年 6月,臺東縣,7504,2879,34,3916,675,1.139
107年 6月,屏東縣,33747,18421,470,13839,1018,1.358
107年 6月,嘉義縣,16499,5756,79,9241,1422,1.08
107年 6月,雲林縣,18236,8311,295,8084,1546,0.883
107年 6月,南投縣,15345,7700,74,6713,857,1.024
107年 6月,彰化縣,44017,23162,451,18834,1569,1.147
107年 6月,苗栗縣,18759,8069,290,9039,1362,1.134
107年 6月,新竹縣,18850,7688,87,10451,625,1.134
107年 6月,宜蘭縣,16155,6529,338,8269,1018,1.181
107年 6月,高雄市,110334,45700,924,57022,6688,1.326
107年 6月,臺南市,80497,36677,1436,36029,6354,1.424
107年 6月,臺中市,105032,58958,462,41788,3823,1.253
107年 6月,桃園市,88589,39846,214,45713,2816,1.34
107年 6月,臺北市,63777,15905,932,40379,6560,0.794
107年 6月,新北市,107522,48125,4078,42883,12436,0.899
107年 5月,連江縣,645,172,33,299,141,1.603
107年 5月,金門縣,2454,643,40,1260,511,0.574
107年 5月,嘉義市,11953,5832,218,5138,766,1.433
107年 5月,新竹市,16374,6571,317,8319,1167,1.193
107年 5月,基隆市,16733,7449,238,8055,992,1.455
107年 5月,澎湖縣,3742,1445,36,1875,386,1.159
107年 5月,花蓮縣,11242,4541,39,6214,447,1.103
107年 5月,臺東縣,7262,2669,35,3870,688,1.066
107年 5月,屏東縣,28612,14515,499,12562,1038,1.114
107年 5月,嘉義縣,17204,5721,88,9976,1420,1.089
107年 5月,雲林縣,18891,8106,297,8959,1529,0.885
107年 5月,南投縣,15449,8158,83,6360,848,0.997
107年 5月,彰化縣,43230,22712,349,18532,1637,1.09
107年 5月,苗栗縣,20519,7886,244,11142,1247,1.2
107年 5月,新竹縣,19538,7371,114,11438,616,1.138
107年 5月,宜蘭縣,16659,6507,412,8711,1028,1.178
107年 5月,高雄市,103745,44329,896,51468,7051,1.206
107年 5月,臺南市,75495,32467,1890,34849,6289,1.292
107年 5月,臺中市,102805,56837,423,41696,3849,1.187
107年 5月,桃園市,80058,33498,188,43781,2591,1.174
107年 5月,臺北市,70657,18709,997,44428,6524,0.851
107年 5月,新北市,103441,45371,3736,42058,12276,0.837
107年 4月,連江縣,626,164,34,296,132,1.613
107年 4月,金門縣,2399,564,38,1288,509,0.581
107年 4月,嘉義市,11169,5423,181,4827,739,1.383
107年 4月,新竹市,15417,5643,344,8310,1121,1.162
107年 4月,基隆市,16180,6876,220,8092,991,1.453
107年 4月,澎湖縣,3597,1345,31,1844,376,1.152
107年 4月,花蓮縣,9535,4387,38,4699,411,0.967
107年 4月,臺東縣,7228,2658,38,3867,666,1.097
107年 4月,屏東縣,25677,11629,468,12612,968,1.033
107年 4月,嘉義縣,15623,5453,84,8798,1288,1.021
107年 4月,雲林縣,17528,8055,253,7778,1442,0.848
107年 4月,南投縣,14840,7674,74,6303,790,0.989
107年 4月,彰化縣,40613,20234,378,18614,1386,1.057
107年 4月,苗栗縣,16375,7432,329,7525,1089,0.989
107年 4月,新竹縣,16141,6810,74,8666,590,0.973
107年 4月,宜蘭縣,15083,6097,354,7701,931,1.102
107年 4月,高雄市,89113,38592,927,43029,6564,1.07
107年 4月,臺南市,73309,31849,1643,33594,6223,1.296
107年 4月,臺中市,97904,53122,450,40804,3528,1.169
107年 4月,桃園市,76297,31622,149,42108,2419,1.157
107年 4月,臺北市,67491,18870,932,42109,5581,0.84
107年 4月,新北市,102729,45040,3373,43707,10609,0.859
107年 3月,連江縣,616,155,34,300,127,1.538
107年 3月,金門縣,2390,562,50,1307,471,0.56
107年 3月,嘉義市,11204,5489,175,4754,787,1.342
107年 3月,新竹市,16839,7140,329,8178,1192,1.229
107年 3月,基隆市,18414,8777,222,8426,990,1.6
107年 3月,澎湖縣,3554,1291,51,1858,353,1.101
107年 3月,花蓮縣,9424,4027,69,4911,416,0.925
107年 3月,臺東縣,7464,2678,40,4038,708,1.097
107年 3月,屏東縣,31472,17073,533,12857,1009,1.225
107年 3月,嘉義縣,16412,6190,94,8945,1184,1.038
107年 3月,雲林縣,18430,8922,253,7659,1596,0.863
107年 3月,南投縣,15520,7897,98,6704,820,1.001
107年 3月,彰化縣,44442,23710,396,18708,1627,1.119
107年 3月,苗栗縣,17188,8211,438,7401,1138,1.004
107年 3月,新竹縣,17586,7492,106,9386,602,1.026
107年 3月,宜蘭縣,15812,7013,322,7552,924,1.118
107年 3月,高雄市,91420,40956,1009,42905,6550,1.062
107年 3月,臺南市,77022,36164,1830,32920,6107,1.317
107年 3月,臺中市,102188,57056,270,40986,3876,1.181
107年 3月,桃園市,87985,37250,298,48021,2416,1.293
107年 3月,臺北市,61506,16094,903,38609,5899,0.74
107年 3月,新北市,118463,51908,3959,51052,11544,0.959
107年 2月,連江縣,587,142,34,301,111,1.626
107年 2月,金門縣,2335,589,95,1222,429,0.606
107年 2月,嘉義市,11136,5524,199,4645,768,1.477
107年 2月,新竹市,16116,6906,313,7820,1078,1.303
107年 2月,基隆市,18944,8868,357,8731,988,1.822
107年 2月,澎湖縣,3651,1595,44,1654,359,1.253
107年 2月,花蓮縣,10302,4454,106,5349,392,1.119
107年 2月,臺東縣,8306,3025,277,4340,665,1.352
107年 2月,屏東縣,31099,16221,1003,12920,954,1.339
107年 2月,嘉義縣,16405,6249,69,8915,1172,1.147
107年 2月,雲林縣,18246,9099,297,7405,1445,0.945
107年 2月,南投縣,17223,9185,201,7009,829,1.229
107年 2月,彰化縣,45302,24700,654,18758,1191,1.262
107年 2月,苗栗縣,18926,8387,321,9215,1003,1.222
107年 2月,新竹縣,15995,7157,144,8185,509,1.034
107年 2月,宜蘭縣,16950,7591,473,8053,834,1.327
107年 2月,高雄市,91366,40631,1052,42846,6838,1.175
107年 2月,臺南市,75123,34154,2685,32560,5725,1.422
107年 2月,臺中市,103256,58071,333,41410,3441,1.322
107年 2月,桃園市,75286,33887,18,39576,1804,1.227
107年 2月,臺北市,60964,15723,1020,39146,5075,0.812
107年 2月,新北市,114116,59460,4144,40570,9943,1.022
107年 1月,連江縣,612,161,35,289,126,1.531
107年 1月,金門縣,2466,619,52,1365,429,0.578
107年 1月,嘉義市,11007,5532,298,4450,727,1.318
107年 1月,新竹市,16532,7479,293,7591,1169,1.208
107年 1月,基隆市,18149,8577,290,8291,992,1.576
107年 1月,澎湖縣,3814,1971,53,1466,324,1.182
107年 1月,花蓮縣,10552,4515,40,5513,483,1.034
107年 1月,臺東縣,7471,2856,43,3888,684,1.098
107年 1月,屏東縣,29026,15067,502,12483,975,1.128
107年 1月,嘉義縣,16569,6691,102,8674,1102,1.046
107年 1月,雲林縣,17045,7967,317,7333,1429,0.797
107年 1月,南投縣,16881,8857,194,6995,835,1.087
107年 1月,彰化縣,45285,25119,517,18236,1413,1.139
107年 1月,苗栗縣,19013,8359,331,9269,1054,1.108
107年 1月,新竹縣,16424,7776,124,7857,668,0.959
107年 1月,宜蘭縣,16327,7568,480,7470,810,1.154
107年 1月,高雄市,89545,39374,989,42509,6674,1.04
107年 1月,臺南市,78020,37908,1910,32316,5885,1.334
107年 1月,臺中市,103446,58534,325,41184,3403,1.197
107年 1月,桃園市,79644,37460,28,40240,1916,1.173
107年 1月,臺北市,65745,17710,1220,41363,5452,0.79
107年 1月,新北市,121000,64766,4769,40909,10557,0.979
107年,連江縣,7589,1926,415,3584,1664,1.603
107年,金門縣,29671,7381,591,15894,5805,0.588
107年,嘉義市,145016,65553,2161,67475,9827,1.477
107年,新竹市,193077,76240,3772,98385,14680,1.193
107年,基隆市,204233,90554,3119,98806,11754,1.509
107年,澎湖縣,43914,17686,490,21701,4037,1.154
107年,花蓮縣,126428,54787,462,66088,5090,1.054
107年,臺東縣,91875,33492,602,49546,8236,1.148
107年,屏東縣,384301,192360,9611,170160,12169,1.272
107年,嘉義縣,195499,71568,1109,107178,15644,1.052
107年,雲林縣,228147,98299,3422,109167,17259,0.908
107年,南投縣,190689,96530,1497,83882,8781,1.047
107年,彰化縣,576392,279107,6087,273970,17229,1.234
107年,苗栗縣,224966,94444,3776,112533,14214,1.118
107年,新竹縣,214693,88452,1295,117608,7338,1.061
107年,宜蘭縣,194797,78720,4804,99286,11986,1.171
107年,高雄市,1250781,530653,11743,627654,80731,1.235
107年,臺南市,927086,404851,24932,419989,77314,1.347
107年,臺中市,1267112,682273,5244,536159,43436,1.242
107年,桃園市,1049837,449491,1917,566452,31977,1.305
107年,臺北市,750275,210570,11831,459035,68839,0.768
107年,新北市,1537668,600400,50102,760185,126983,1.056
106年 12月,連江縣,651,180,36,300,135,1.634
106年 12月,金門縣,2374,540,42,1381,412,0.558
106年 12月,嘉義市,10624,5738,138,4172,575,1.272
106年 12月,新竹市,14831,6289,262,7082,1198,1.085
106年 12月,基隆市,14809,5509,216,8098,986,1.286
106年 12月,澎湖縣,2999,1151,47,1456,345,0.93
106年 12月,花蓮縣,10157,4202,22,5470,462,0.995
106年 12月,臺東縣,8793,2495,28,5606,664,1.292
106年 12月,屏東縣,27331,12760,467,13186,918,1.062
106年 12月,嘉義縣,15301,5658,83,8429,1131,0.965
106年 12月,雲林縣,15467,7020,234,6945,1268,0.723
106年 12月,南投縣,15240,7400,97,6902,841,0.981
106年 12月,彰化縣,35376,15979,518,17546,1332,0.89
106年 12月,苗栗縣,20550,6701,299,12550,1000,1.197
106年 12月,新竹縣,15706,6865,150,8047,645,0.918
106年 12月,宜蘭縣,12726,5312,294,6397,723,0.899
106年 12月,高雄市,85486,37058,931,40815,6682,0.993
106年 12月,臺南市,60308,22718,1665,30405,5521,1.031
106年 12月,臺中市,72183,29093,383,39222,3484,0.836
106年 12月,桃園市,75145,32623,26,40602,1893,1.109
106年 12月,臺北市,59237,14315,1184,38534,5204,0.712
106年 12月,新北市,103232,50077,4096,42009,7051,0.835
106年 11月,連江縣,651,195,33,293,129,1.691
106年 11月,金門縣,2393,626,38,1332,397,0.582
106年 11月,嘉義市,10833,5832,310,4121,570,1.341
106年 11月,新竹市,15675,7223,212,7056,1183,1.186
106年 11月,基隆市,14745,5383,224,8151,986,1.323
106年 11月,澎湖縣,3197,1185,67,1573,371,1.025
106年 11月,花蓮縣,10167,3996,30,5667,474,1.029
106年 11月,臺東縣,7227,2517,23,4020,667,1.097
106年 11月,屏東縣,26713,11524,1009,13261,918,1.072
106年 11月,嘉義縣,15218,5364,69,8657,1128,0.991
106年 11月,雲林縣,15835,6897,197,7220,1521,0.764
106年 11月,南投縣,14553,6762,84,6878,829,0.967
106年 11月,彰化縣,34810,15711,381,17385,1334,0.905
106年 11月,苗栗縣,20950,6990,248,12752,960,1.259
106年 11月,新竹縣,14703,6439,105,7538,621,0.888
106年 11月,宜蘭縣,12642,5095,337,6348,863,0.923
106年 11月,高雄市,83391,34212,933,41580,6665,1.001
106年 11月,臺南市,58777,22112,2088,28902,5676,1.039
106年 11月,臺中市,70624,28087,401,38798,3338,0.846
106年 11月,桃園市,75418,30916,807,41831,1863,1.152
106年 11月,臺北市,59621,15042,1314,37923,5342,0.741
106年 11月,新北市,155178,49778,4007,94635,6757,1.298
106年 10月,連江縣,658,231,36,262,129,1.659
106年 10月,金門縣,2573,706,34,1392,442,0.606
106年 10月,嘉義市,11105,6168,191,4189,557,1.33
106年 10月,新竹市,15826,7411,230,6969,1216,1.16
106年 10月,基隆市,14188,5763,246,7196,983,1.231
106年 10月,澎湖縣,3471,1274,48,1771,378,1.078
106年 10月,花蓮縣,9881,4213,31,5129,508,0.967
106年 10月,臺東縣,7558,2820,27,4015,697,1.11
106年 10月,屏東縣,29999,13350,1225,14485,939,1.165
106年 10月,嘉義縣,15459,5704,77,8557,1121,0.974
106年 10月,雲林縣,15622,6882,211,7088,1440,0.729
106年 10月,南投縣,15312,7197,73,7198,844,0.984
106年 10月,彰化縣,35408,16169,342,17326,1571,0.89
106年 10月,苗栗縣,17019,7411,220,8346,1042,0.989
106年 10月,新竹縣,14929,6486,70,7700,673,0.873
106年 10月,宜蘭縣,13998,5823,284,7045,845,0.988
106年 10月,高雄市,88311,38699,900,42050,6661,1.026
106年 10月,臺南市,61063,25074,1808,28489,5692,1.044
106年 10月,臺中市,73177,30180,345,39094,3559,0.848
106年 10月,桃園市,74176,31243,31,40921,1981,1.098
106年 10月,臺北市,63072,16011,1162,40396,5502,0.758
106年 10月,新北市,112439,52994,4141,48414,6890,0.91
106年 9月,連江縣,565,152,39,254,121,1.476
106年 9月,金門縣,2539,802,43,1328,366,0.62
106年 9月,嘉義市,7787,2804,235,4195,553,0.964
106年 9月,新竹市,12290,3870,235,6943,1242,0.931
106年 9月,基隆市,12941,4801,176,6981,984,1.16
106年 9月,澎湖縣,3474,1267,62,1739,406,1.118
106年 9月,花蓮縣,9411,3887,33,4957,534,0.952
106年 9月,臺東縣,7477,2724,29,4024,700,1.134
106年 9月,屏東縣,26529,11152,1042,13411,924,1.064
106年 9月,嘉義縣,15338,5704,79,8437,1119,0.998
106年 9月,雲林縣,15530,6679,195,7263,1393,0.749
106年 9月,南投縣,14967,6870,109,7145,844,0.993
106年 9月,彰化縣,34468,15559,431,17048,1430,0.895
106年 9月,苗栗縣,17050,7190,295,8528,1037,1.024
106年 9月,新竹縣,14334,6269,108,7303,654,0.867
106年 9月,宜蘭縣,12926,5061,326,6712,827,0.943
106年 9月,高雄市,79016,29759,904,41660,6693,0.948
106年 9月,臺南市,53661,19129,1821,26174,6537,0.948
106年 9月,臺中市,73813,30395,523,39271,3624,0.885
106年 9月,桃園市,76382,33446,38,40899,1999,1.17
106年 9月,臺北市,64267,17226,1173,40390,5478,0.798
106年 9月,新北市,80706,23332,3657,43614,10102,0.675
106年 8月,連江縣,556,163,39,239,115,1.406
106年 8月,金門縣,2589,1059,53,1274,202,0.615
106年 8月,嘉義市,7818,2820,225,4197,576,0.936
106年 8月,新竹市,11855,3419,402,6907,1128,0.87
106年 8月,基隆市,13132,5002,209,6950,970,1.139
106年 8月,澎湖縣,3507,1439,68,1602,398,1.094
106年 8月,花蓮縣,9593,3996,40,5014,543,0.938
106年 8月,臺東縣,7747,2918,32,4083,714,1.136
106年 8月,屏東縣,27524,12244,787,13529,964,1.067
106年 8月,嘉義縣,15462,5876,101,8356,1130,0.973
106年 8月,雲林縣,15962,7010,283,7267,1402,0.744
106年 8月,南投縣,15413,7374,141,7067,831,0.989
106年 8月,彰化縣,35277,16194,430,17501,1152,0.886
106年 8月,苗栗縣,16543,7368,356,7766,1053,0.96
106年 8月,新竹縣,15493,6465,113,8235,680,0.908
106年 8月,宜蘭縣,13787,5882,377,6936,592,0.973
106年 8月,高雄市,79241,29610,958,41886,6787,0.92
106年 8月,臺南市,57101,19782,2296,28481,6543,0.977
106年 8月,臺中市,75341,31237,463,39997,3644,0.874
106年 8月,桃園市,76209,33488,38,40800,1883,1.131
106年 8月,臺北市,58843,14056,1311,37991,5485,0.707
106年 8月,新北市,96082,24252,4238,57560,10032,0.778
106年 7月,連江縣,497,157,39,209,93,1.26
106年 7月,金門縣,2590,1008,52,1336,194,0.616
106年 7月,嘉義市,7560,2704,232,4066,559,0.904
106年 7月,新竹市,12771,4289,403,6872,1207,0.938
106年 7月,基隆市,13703,5515,222,7002,964,1.189
106年 7月,澎湖縣,3488,1455,47,1564,422,1.088
106年 7月,花蓮縣,9326,4151,27,4605,543,0.912
106年 7月,臺東縣,7777,2969,39,4098,671,1.14
106年 7月,屏東縣,25269,11599,570,12134,966,0.979
106年 7月,嘉義縣,15733,6127,106,8371,1129,0.989
106年 7月,雲林縣,16012,7125,269,7209,1409,0.746
106年 7月,南投縣,16072,7672,116,7486,798,1.031
106年 7月,彰化縣,34302,16139,387,16739,1037,0.862
106年 7月,苗栗縣,17318,7416,272,8572,1058,1.004
106年 7月,新竹縣,14907,6605,139,7489,675,0.875
106年 7月,宜蘭縣,14745,6318,406,7556,466,1.041
106年 7月,高雄市,80703,30343,1017,42555,6788,0.937
106年 7月,臺南市,55856,20480,1743,27022,6612,0.955
106年 7月,臺中市,73876,30207,528,39481,3660,0.858
106年 7月,桃園市,76594,34527,39,40267,1761,1.139
106年 7月,臺北市,58184,13654,1232,37448,5850,0.698
106年 7月,新北市,86022,25940,4410,45524,10147,0.697
106年 6月,連江縣,533,173,40,222,99,1.398
106年 6月,金門縣,2724,1069,43,1417,195,0.67
106年 6月,嘉義市,7722,2879,283,4024,537,0.954
106年 6月,新竹市,13821,5211,304,7087,1220,1.049
106年 6月,基隆市,14175,5707,245,7251,972,1.27
106年 6月,澎湖縣,3517,1461,47,1593,416,1.134
106年 6月,花蓮縣,10090,4460,48,5070,512,1.019
106年 6月,臺東縣,7538,3038,32,3803,664,1.141
106年 6月,屏東縣,26243,12241,509,12539,953,1.05
106年 6月,嘉義縣,15747,6116,110,8394,1127,1.023
106年 6月,雲林縣,15882,6964,300,7189,1429,0.764
106年 6月,南投縣,14704,7515,69,6296,824,0.974
106年 6月,彰化縣,35820,16655,515,17282,1368,0.929
106年 6月,苗栗縣,19122,7670,254,10027,1171,1.145
106年 6月,新竹縣,15266,6662,117,7785,702,0.926
106年 6月,宜蘭縣,14439,6092,340,7358,648,1.053
106年 6月,高雄市,80434,29927,942,42898,6667,0.965
106年 6月,臺南市,53264,17730,1493,27528,6513,0.941
106年 6月,臺中市,75787,32068,423,39531,3765,0.91
106年 6月,桃園市,82483,40074,37,40506,1867,1.27
106年 6月,臺北市,59733,14478,1237,37877,6141,0.74
106年 6月,新北市,89290,27237,4292,46868,10893,0.747
106年 5月,連江縣,525,173,40,214,99,1.334
106年 5月,金門縣,2850,1168,60,1407,214,0.678
106年 5月,嘉義市,7645,3002,78,3970,595,0.914
106年 5月,新竹市,12958,4503,258,6958,1240,0.953
106年 5月,基隆市,13410,5387,154,6890,979,1.163
106年 5月,澎湖縣,3495,1477,44,1562,412,1.09
106年 5月,花蓮縣,9485,4270,25,4726,464,0.927
106年 5月,臺東縣,7190,3071,33,3481,605,1.053
106年 5月,屏東縣,24611,11394,573,11677,967,0.953
106年 5月,嘉義縣,15650,6162,95,8255,1138,0.983
106年 5月,雲林縣,15795,7211,184,6975,1426,0.735
106年 5月,南投縣,14808,7234,64,6629,880,0.948
106年 5月,彰化縣,35668,16865,399,17022,1382,0.895
106年 5月,苗栗縣,16832,7752,218,7719,1143,0.975
106年 5月,新竹縣,14904,6605,90,7545,664,0.876
106年 5月,宜蘭縣,13993,5984,291,7113,605,0.987
106年 5月,高雄市,79709,29168,994,42875,6672,0.925
106年 5月,臺南市,51568,16923,1392,27058,6195,0.882
106年 5月,臺中市,70167,28620,290,37482,3775,0.816
106年 5月,桃園市,64019,23083,35,39027,1874,0.955
106年 5月,臺北市,71389,20839,1171,43366,6013,0.856
106年 5月,新北市,86290,29088,3655,42830,10717,0.699
106年 4月,連江縣,511,168,40,204,99,1.342
106年 4月,金門縣,2681,1140,30,1330,181,0.66
106年 4月,嘉義市,6905,2693,66,3608,538,0.853
106年 4月,新竹市,12876,4573,169,6950,1185,0.979
106年 4月,基隆市,12835,5002,136,6712,985,1.15
106年 4月,澎湖縣,3124,1303,49,1424,348,1.008
106年 4月,花蓮縣,9034,4061,25,4483,466,0.911
106年 4月,臺東縣,7040,2957,31,3449,604,1.065
106年 4月,屏東縣,23454,11328,423,10795,908,0.938
106年 4月,嘉義縣,14950,5969,79,7788,1114,0.97
106年 4月,雲林縣,15379,7186,174,6700,1320,0.739
106年 4月,南投縣,13587,6815,75,5878,819,0.899
106年 4月,彰化縣,33045,14516,331,16972,1227,0.857
106年 4月,苗栗縣,16428,6922,233,8278,996,0.982
106年 4月,新竹縣,14270,6037,88,7522,623,0.867
106年 4月,宜蘭縣,13220,5710,239,6709,563,0.964
106年 4月,高雄市,78600,29000,1027,42046,6527,0.943
106年 4月,臺南市,50910,15738,1393,27506,6274,0.9
106年 4月,臺中市,66265,26629,336,35693,3608,0.797
106年 4月,桃園市,67766,25697,35,40216,1818,1.046
106年 4月,臺北市,62157,19110,953,36631,5463,0.769
106年 4月,新北市,84881,25656,3200,45343,10683,0.711
106年 3月,連江縣,549,160,70,221,98,1.398
106年 3月,金門縣,2655,997,73,1406,178,0.633
106年 3月,嘉義市,6895,2687,75,3605,529,0.824
106年 3月,新竹市,12920,4797,234,6698,1192,0.951
106年 3月,基隆市,12380,4917,165,6315,983,1.073
106年 3月,澎湖縣,3172,1205,56,1631,280,0.991
106年 3月,花蓮縣,9262,4173,33,4568,488,0.904
106年 3月,臺東縣,7154,3065,40,3472,576,1.046
106年 3月,屏東縣,23583,11471,391,10765,956,0.912
106年 3月,嘉義縣,14881,6026,103,7664,1087,0.933
106年 3月,雲林縣,15939,7544,178,6791,1426,0.741
106年 3月,南投縣,14282,6923,66,6449,844,0.914
106年 3月,彰化縣,34259,15296,457,17184,1322,0.859
106年 3月,苗栗縣,16028,7246,453,7344,984,0.927
106年 3月,新竹縣,13800,6236,102,6864,598,0.812
106年 3月,宜蘭縣,13637,5918,265,6996,458,0.962
106年 3月,高雄市,80384,30479,1158,41870,6876,0.933
106年 3月,臺南市,55818,20237,1441,28437,5704,0.955
106年 3月,臺中市,70581,29794,484,36763,3540,0.822
106年 3月,桃園市,76360,32736,34,41742,1847,1.143
106年 3月,臺北市,64756,20023,1191,38107,5434,0.775
106年 3月,新北市,81058,26238,3513,41393,9914,0.657
106年 2月,連江縣,510,136,72,205,97,1.439
106年 2月,金門縣,2655,1111,35,1356,153,0.701
106年 2月,嘉義市,6905,2703,29,3626,547,0.914
106年 2月,新竹市,12592,4513,313,6621,1145,1.027
106年 2月,基隆市,12135,4836,105,6213,980,1.165
106年 2月,澎湖縣,2853,1124,47,1393,290,0.986
106年 2月,花蓮縣,9190,4039,24,4671,456,0.992
106年 2月,臺東縣,7460,3294,44,3527,595,1.207
106年 2月,屏東縣,22985,11192,434,10475,883,0.983
106年 2月,嘉義縣,15165,5934,74,8060,1096,1.052
106年 2月,雲林縣,15607,7770,210,6219,1408,0.803
106年 2月,南投縣,14987,7528,69,6479,911,1.061
106年 2月,彰化縣,34388,15529,489,16993,1377,0.955
106年 2月,苗栗縣,16492,7116,256,8096,1025,1.054
106年 2月,新竹縣,13708,5954,90,7060,604,0.893
106年 2月,宜蘭縣,14430,6439,251,7143,597,1.127
106年 2月,高雄市,75390,28693,1679,37768,7250,0.969
106年 2月,臺南市,54404,19010,1335,27972,6086,1.03
106年 2月,臺中市,68746,28876,655,35688,3527,0.886
106年 2月,桃園市,72179,31229,32,39070,1848,1.198
106年 2月,臺北市,61616,18712,859,36812,5234,0.817
106年 2月,新北市,93767,25620,3338,54960,9849,0.841
106年 1月,連江縣,538,165,70,203,100,1.375
106年 1月,金門縣,2659,1020,69,1360,210,0.635
106年 1月,嘉義市,7491,2901,96,3945,548,0.895
106年 1月,新竹市,14171,5313,683,6999,1176,1.045
106年 1月,基隆市,15198,6118,403,7700,977,1.318
106年 1月,澎湖縣,3474,1383,55,1735,300,1.085
106年 1月,花蓮縣,10607,4876,42,5215,474,1.034
106年 1月,臺東縣,7833,3451,137,3650,596,1.145
106年 1月,屏東縣,23752,11492,836,10518,906,0.917
106年 1月,嘉義縣,15160,6277,106,7661,1116,0.949
106年 1月,雲林縣,16572,8290,364,6739,1179,0.77
106年 1月,南投縣,15772,7442,300,7129,900,1.007
106年 1月,彰化縣,36044,16909,841,17097,1197,0.903
106年 1月,苗栗縣,16194,8233,518,6447,996,0.935
106年 1月,新竹縣,14409,6476,217,7057,658,0.849
106年 1月,宜蘭縣,15305,6818,448,7455,583,1.079
106年 1月,高雄市,79234,30762,3051,38181,7240,0.92
106年 1月,臺南市,58654,19301,1735,31598,6020,1.003
106年 1月,臺中市,72581,32000,335,36460,3786,0.846
106年 1月,桃園市,73416,30138,36,41417,1825,1.102
106年 1月,臺北市,72151,22465,1245,42824,5617,0.863
106年 1月,新北市,89717,30469,5286,43525,10438,0.727
106年,連江縣,6743,2052,552,2826,1312,1.45
106年,金門縣,31282,11246,571,16319,3146,0.629
106年,嘉義市,99289,42931,1957,47718,6683,1.009
106年,新竹市,162587,61411,3703,83143,14331,1.014
106年,基隆市,163651,63942,2500,85461,11748,1.206
106年,澎湖縣,39771,15725,638,19042,4365,1.051
106年,花蓮縣,116202,50324,380,59575,5924,0.965
106年,臺東縣,90794,35319,494,47229,7752,1.13
106年,屏東縣,307994,141747,8269,146776,11202,1.013
106年,嘉義縣,184064,70917,1082,98629,13435,0.983
106年,雲林縣,189601,86576,2800,83605,16621,0.75
106年,南投縣,179696,86734,1262,81536,10165,0.979
106年,彰化縣,418867,191519,5521,206098,15729,0.893
106年,苗栗縣,210528,88015,3623,106423,12466,1.036
106年,新竹縣,176428,77099,1388,90144,7797,0.879
106年,宜蘭縣,165848,70451,3859,83769,7770,0.994
106年,高雄市,969900,377711,14495,496185,81510,0.956
106年,臺南市,671386,238233,20209,339573,73372,0.975
106年,臺中市,863140,357187,5165,457481,43308,0.852
106年,桃園市,890147,379199,1187,487301,22460,1.125
106年,臺北市,755026,205932,14031,468299,66764,0.769
106年,新北市,1158662,390679,47834,606677,113473,0.797
105年 12月,連江縣,571,165,62,245,99,1.463
105年 12月,金門縣,3178,1147,80,1763,188,0.759
105年 12月,嘉義市,7466,2719,220,3978,549,0.892
105年 12月,新竹市,12913,4700,313,6726,1174,0.953
105年 12月,基隆市,13007,5384,193,6450,980,1.128
105年 12月,澎湖縣,3287,1202,61,1714,310,1.028
105年 12月,花蓮縣,9525,4184,20,4836,485,0.929
105年 12月,臺東縣,8165,3216,42,4306,602,1.193
105年 12月,屏東縣,23005,11610,424,10057,914,0.888
105年 12月,嘉義縣,15343,6029,94,8090,1129,0.96
105年 12月,雲林縣,16011,7966,258,6845,942,0.743
105年 12月,南投縣,15071,6945,117,7111,898,0.962
105年 12月,彰化縣,34292,16416,505,16120,1250,0.859
105年 12月,苗栗縣,21623,6979,478,13211,955,1.247
105年 12月,新竹縣,14002,5977,95,7302,627,0.825
105年 12月,宜蘭縣,14147,5702,322,7522,601,0.997
105年 12月,高雄市,77688,30407,1418,38607,7256,0.902
105年 12月,臺南市,54846,18851,1942,27802,6250,0.938
105年 12月,臺中市,75128,29560,468,41412,3688,0.876
105年 12月,桃園市,70908,32371,43,36502,1992,1.066
105年 12月,臺北市,64581,20909,1255,36752,5665,0.773
105年 12月,新北市,89221,27976,3210,47778,10258,0.723
105年 11月,連江縣,503,151,57,195,100,1.33
105年 11月,金門縣,2842,1075,61,1528,178,0.703
105年 11月,嘉義市,7338,2627,207,3923,581,0.907
105年 11月,新竹市,11766,3874,270,6473,1149,0.898
105年 11月,基隆市,12181,4855,184,6172,970,1.091
105年 11月,澎湖縣,2961,1124,61,1467,310,0.958
105年 11月,花蓮縣,9189,4050,23,4684,431,0.925
105年 11月,臺東縣,7051,2921,50,3514,567,1.063
105年 11月,屏東縣,22380,10513,810,10125,932,0.892
105年 11月,嘉義縣,15117,5691,120,8210,1095,0.976
105年 11月,雲林縣,15432,7452,267,6699,1014,0.74
105年 11月,南投縣,14386,6309,106,7109,861,0.949
105年 11月,彰化縣,33006,15533,633,15498,1342,0.855
105年 11月,苗栗縣,18082,6795,307,10086,894,1.077
105年 11月,新竹縣,13605,5908,140,6969,588,0.829
105年 11月,宜蘭縣,12473,5581,297,6036,559,0.909
105年 11月,高雄市,79185,30936,2000,38862,7387,0.95
105年 11月,臺南市,53278,18501,1800,26882,6096,0.942
105年 11月,臺中市,62337,23397,295,35412,3233,0.752
105年 11月,桃園市,70317,31805,44,36638,1830,1.094
105年 11月,臺北市,60629,18355,1124,36311,4839,0.75
105年 11月,新北市,89524,24459,3059,52902,9104,0.75
105年 10月,連江縣,550,170,83,185,113,1.408
105年 10月,金門縣,2860,1147,12,1525,177,0.686
105年 10月,嘉義市,7508,2708,261,3935,604,0.898
105年 10月,新竹市,13250,4762,250,7090,1148,0.98
105年 10月,基隆市,12522,5165,196,6211,951,1.086
105年 10月,澎湖縣,3300,1351,78,1561,310,1.034
105年 10月,花蓮縣,9741,4570,22,4681,468,0.949
105年 10月,臺東縣,6990,3224,48,3147,570,1.02
105年 10月,屏東縣,26806,11880,2115,11853,958,1.033
105年 10月,嘉義縣,15793,6072,187,8437,1097,0.987
105年 10月,雲林縣,23026,7949,568,13473,1036,1.068
105年 10月,南投縣,15094,6987,161,7088,858,0.963
105年 10月,彰化縣,34615,16742,667,15824,1383,0.867
105年 10月,苗栗縣,15151,7308,443,6449,951,0.873
105年 10月,新竹縣,13869,6048,150,7044,627,0.819
105年 10月,宜蘭縣,14521,6819,354,6782,566,1.024
105年 10月,高雄市,80252,32513,2406,37894,7438,0.932
105年 10月,臺南市,54507,18903,2099,27271,6234,0.933
105年 10月,臺中市,67635,29018,292,34903,3423,0.79
105年 10月,桃園市,68488,29109,39,37402,1938,1.033
105年 10月,臺北市,64428,19768,1467,37899,5294,0.771
105年 10月,新北市,92745,25980,3560,53203,10002,0.753
105年 9月,連江縣,487,167,71,143,106,1.29
105年 9月,金門縣,2557,1151,27,1165,213,0.636
105年 9月,嘉義市,7591,2946,96,3917,632,0.937
105年 9月,新竹市,13173,4964,136,7000,1073,1.007
105年 9月,基隆市,12877,5427,178,6351,921,1.154
105年 9月,澎湖縣,3514,1490,67,1616,341,1.141
105年 9月,花蓮縣,9264,4506,23,4277,458,0.932
105年 9月,臺東縣,8181,3304,47,4275,556,1.233
105年 9月,屏東縣,32352,14582,3204,13590,975,1.288
105年 9月,嘉義縣,16159,6185,107,8809,1057,1.042
105年 9月,雲林縣,16736,8515,457,6553,1211,0.801
105年 9月,南投縣,15465,7461,155,6877,972,1.018
105年 9月,彰化縣,34520,17000,430,15745,1344,0.893
105年 9月,苗栗縣,14963,7643,290,6026,1004,0.89
105年 9月,新竹縣,13722,6108,75,6877,662,0.838
105年 9月,宜蘭縣,11859,4938,273,6075,573,0.864
105年 9月,高雄市,82453,33554,2510,38965,7424,0.989
105年 9月,臺南市,57401,19102,3219,28627,6454,1.015
105年 9月,臺中市,69988,30834,392,35185,3576,0.846
105年 9月,桃園市,76923,36179,432,38309,2003,1.201
105年 9月,臺北市,63886,19367,1391,37416,5711,0.789
105年 9月,新北市,80739,26331,3479,40730,10199,0.677
105年 8月,連江縣,500,171,51,171,107,1.285
105年 8月,金門縣,2583,1178,47,1161,198,0.624
105年 8月,嘉義市,7514,2813,129,3938,634,0.898
105年 8月,新竹市,12572,4422,166,6994,990,0.931
105年 8月,基隆市,12613,5253,142,6307,911,1.094
105年 8月,澎湖縣,3370,1487,49,1471,363,1.062
105年 8月,花蓮縣,9715,4687,25,4502,501,0.946
105年 8月,臺東縣,8506,3479,35,4404,588,1.24
105年 8月,屏東縣,25247,13015,801,10436,995,0.972
105年 8月,嘉義縣,15711,6283,123,8253,1052,0.98
105年 8月,雲林縣,16685,8807,258,6521,1099,0.773
105年 8月,南投縣,16107,7424,128,7548,1007,1.025
105年 8月,彰化縣,35182,16947,705,16627,903,0.881
105年 8月,苗栗縣,15027,7515,225,6217,1070,0.864
105年 8月,新竹縣,13520,6262,82,6531,645,0.8
105年 8月,宜蘭縣,12941,6122,335,5877,607,0.912
105年 8月,高雄市,77675,32405,1462,36381,7426,0.902
105年 8月,臺南市,58167,18501,2213,31053,6400,0.995
105年 8月,臺中市,69683,31210,390,34315,3768,0.815
105年 8月,桃園市,72714,34683,1240,34818,1973,1.101
105年 8月,臺北市,61874,17696,1302,37056,5820,0.739
105年 8月,新北市,91279,24303,3004,53724,10248,0.741
105年 7月,連江縣,496,168,49,154,126,1.277
105年 7月,金門縣,2405,1147,37,1035,185,0.582
105年 7月,嘉義市,7471,2715,178,3933,646,0.892
105年 7月,新竹市,12902,4812,186,6935,970,0.956
105年 7月,基隆市,12766,5380,172,6302,913,1.107
105年 7月,澎湖縣,3861,1492,45,1941,383,1.217
105年 7月,花蓮縣,9456,4645,25,4296,491,0.921
105年 7月,臺東縣,9082,3729,52,4702,599,1.323
105年 7月,屏東縣,25734,13082,1607,10090,955,0.99
105年 7月,嘉義縣,15655,6599,80,8000,976,0.976
105年 7月,雲林縣,15664,8043,253,6311,1057,0.725
105年 7月,南投縣,15617,7320,104,7184,1009,0.993
105年 7月,彰化縣,33250,16489,639,15266,856,0.832
105年 7月,苗栗縣,17778,7353,468,8885,1072,1.022
105年 7月,新竹縣,13723,6121,52,6873,676,0.812
105年 7月,宜蘭縣,13565,6534,370,6021,641,0.956
105年 7月,高雄市,80093,31843,1880,38944,7427,0.93
105年 7月,臺南市,53255,20001,1201,25734,6319,0.911
105年 7月,臺中市,68244,30651,426,33407,3760,0.799
105年 7月,桃園市,67128,34869,866,29240,2152,1.018
105年 7月,臺北市,63478,18283,1020,38042,6133,0.758
105年 7月,新北市,77650,23603,3039,40156,10851,0.63
105年 6月,連江縣,510,164,94,137,114,1.356
105年 6月,金門縣,2395,1142,64,997,191,0.599
105年 6月,嘉義市,7749,2846,230,3961,712,0.956
105年 6月,新竹市,12588,4845,136,6549,1058,0.964
105年 6月,基隆市,13058,5527,180,6349,1002,1.171
105年 6月,澎湖縣,3275,1488,45,1365,376,1.066
105年 6月,花蓮縣,9677,4803,24,4327,522,0.973
105年 6月,臺東縣,7197,2975,65,3592,565,1.083
105年 6月,屏東縣,24290,12841,433,10070,946,0.965
105年 6月,嘉義縣,15119,6482,99,7462,1077,0.974
105年 6月,雲林縣,14944,7843,292,5720,1089,0.714
105年 6月,南投縣,15131,7372,93,6301,1365,0.994
105年 6月,彰化縣,33605,17002,573,14905,1125,0.869
105年 6月,苗栗縣,14401,7496,182,5598,1124,0.855
105年 6月,新竹縣,13621,6034,94,6804,689,0.834
105年 6月,宜蘭縣,12965,6310,357,5624,674,0.944
105年 6月,高雄市,77176,31614,1325,36811,7427,0.926
105年 6月,臺南市,50540,19003,1073,24453,6012,0.894
105年 6月,臺中市,66745,30430,564,32050,3702,0.808
105年 6月,桃園市,70062,39486,1057,27234,2285,1.1
105年 6月,臺北市,66972,20653,972,38959,6389,0.826
105年 6月,新北市,75624,22761,3117,38555,11191,0.635
105年 5月,連江縣,505,187,75,136,107,1.301
105年 5月,金門縣,2518,1212,52,1055,199,0.61
105年 5月,嘉義市,8094,3113,270,3954,756,0.966
105年 5月,新竹市,12561,5006,195,6396,964,0.932
105年 5月,基隆市,12469,5324,187,5950,1007,1.081
105年 5月,澎湖縣,3077,1461,50,1198,369,0.969
105年 5月,花蓮縣,9161,4733,24,3961,442,0.892
105年 5月,臺東縣,6772,2960,78,3134,600,0.985
105年 5月,屏東縣,23731,12594,428,9747,963,0.912
105年 5月,嘉義縣,14690,6512,72,7049,1057,0.915
105年 5月,雲林縣,16378,8279,270,6705,1124,0.757
105年 5月,南投縣,16208,7602,106,6811,1688,1.03
105年 5月,彰化縣,32758,16893,530,14206,1129,0.82
105年 5月,苗栗縣,14635,7264,203,6106,1062,0.84
105年 5月,新竹縣,13701,6149,80,6433,1039,0.813
105年 5月,宜蘭縣,13747,6891,316,5755,786,0.969
105年 5月,高雄市,73918,30831,1418,34306,7363,0.858
105年 5月,臺南市,50253,19000,1112,24388,5754,0.86
105年 5月,臺中市,67648,31300,683,32003,3662,0.793
105年 5月,桃園市,49611,19610,104,27599,2298,0.755
105年 5月,臺北市,67477,20714,1137,39459,6168,0.805
105年 5月,新北市,78891,24723,3137,40778,10253,0.641
105年 4月,連江縣,457,167,41,157,92,1.216
105年 4月,金門縣,2287,1156,29,945,156,0.573
105年 4月,嘉義市,7918,3197,147,3814,760,0.976
105年 4月,新竹市,11787,4932,263,5596,996,0.904
105年 4月,基隆市,11839,5208,137,5453,1041,1.061
105年 4月,澎湖縣,2910,1361,47,1162,340,0.948
105年 4月,花蓮縣,8523,4412,22,3652,437,0.857
105年 4月,臺東縣,6972,3016,72,3328,556,1.047
105年 4月,屏東縣,23426,12263,416,9842,906,0.93
105年 4月,嘉義縣,14592,6720,93,6656,1122,0.938
105年 4月,雲林縣,16201,8713,250,6227,1011,0.774
105年 4月,南投縣,15521,7453,129,6313,1627,1.018
105年 4月,彰化縣,32189,16692,568,13859,1070,0.832
105年 4月,苗栗縣,15039,7744,147,6127,1021,0.892
105年 4月,新竹縣,13636,6199,71,6331,1035,0.836
105年 4月,宜蘭縣,13162,5728,335,5487,1612,0.958
105年 4月,高雄市,72192,30362,1383,32984,7463,0.866
105年 4月,臺南市,50435,19002,1151,24580,5702,0.892
105年 4月,臺中市,62321,29215,366,29216,3524,0.756
105年 4月,桃園市,54179,23444,812,27671,2253,0.854
105年 4月,臺北市,64828,20997,1081,37080,5670,0.799
105年 4月,新北市,76365,22892,3181,40064,10228,0.641
105年 3月,連江縣,406,167,43,129,67,1.047
105年 3月,金門縣,2410,1229,36,988,157,0.585
105年 3月,嘉義市,8224,3413,158,3891,761,0.982
105年 3月,新竹市,11446,4976,226,5386,857,0.85
105年 3月,基隆市,11149,4952,129,5145,923,0.967
105年 3月,澎湖縣,2729,1243,58,1118,310,0.86
105年 3月,花蓮縣,9034,4534,20,4016,465,0.879
105年 3月,臺東縣,6519,2829,67,3053,570,0.947
105年 3月,屏東縣,22601,11286,424,9961,930,0.868
105年 3月,嘉義縣,14721,6683,106,6823,1109,0.915
